antecedents,consequents,antecedent support,consequent support,support,confidence,lift,representativity,leverage,conviction,zhangs_metric,jaccard,certainty,kulczynski
['Honeycrisp Apple'],['Banana'],0.027562014532698572,0.15121523427712352,0.010085191681282886,0.3659090909090909,2.4197898621676583,1.0,0.005917395196571388,1.3385852936131386,0.6033710976072312,0.05978462681024879,0.2529426366990943,0.2163016871281163
['Organic Avocado'],['Banana'],0.05474818341267853,0.15121523427712352,0.01685041343021799,0.30778032036613273,2.035379053158634,1.0,0.008571654049222879,1.226178322713709,0.538153975773611,0.08910235177210997,0.18445793611254194,0.2096068130413928
